vars,cronbach_alpha
behavior,0.8593622380157107
fear,0.775536243070654
self-efficacy,0.6454763631037762
