vars,cronbach_alpha
behavior,0.8593622380157107
fear,0.7755362430706547
self-efficacy,0.5123254951869114
