variable,mean,std,median,q025,q975
β_1,0.1470686496416821,0.010469172822130297,0.14706981287957754,0.1267087049979244,0.1676857683416728
β_2,0.37636459533064576,0.010381693643669242,0.3763163055306644,0.35600497777553497,0.3966739778295234
β_interaction,0.05534188847390014,0.00409763905576873,0.05534262994001031,0.04732088244845139,0.06345703714454595
β_control[1],0.06691178699208347,0.010343288720888601,0.06680913249898002,0.04679006633709877,0.08715747412449604
β_control[2],-0.118473300053637,0.01061547340990942,-0.11857208331419666,-0.1393434315393944,-0.097427163628081
α,-3.108537097018738e-5,0.010153947996504199,1.6122169355842642e-5,-0.01992631484590535,0.020025985706194488
σ,0.8987853002622976,0.007316230644980846,0.8987046147564562,0.8845416837782256,0.9133877105429126
