variable,mean,std,median,q05,q95
direct,-0.022980954658857147,1.6554618103633938,-0.0012305612645659991,-2.4140989192975963,2.3413061434425915
indirect,0.028550372400138038,0.003061389158519524,0.028504034185947817,0.02357713262964065,0.03361571959074729
total,0.005569417741280887,1.6554506101966326,0.027552387225031304,-2.3837168400118487,2.3717690873579937
